{"cameraMode":{"drawMode":0,"name":"Shaded","section":"Shading Mode"},"sceneLighting":false,"audioPlay":false,"sceneViewState":{"m_AlwaysRefresh":false,"showFog":true,"showSkybox":false,"showFlares":true,"showImageEffects":true,"showParticleSystems":true,"showVisualEffectGraphs":true,"m_FxEnabled":true},"in2DMode":false,"pivot":{"x":-45.00487518310547,"y":2.679396629333496,"z":0.009792625904083252},"rotation":{"x":-0.009069157764315606,"y":0.942863404750824,"z":-0.025757137686014177,"w":-0.3321465253829956},"size":3.4802589416503908,"orthographic":false}